id,username,created_at
ab6028c7-a72a-4464-9e87-ec01f7c17317,niki_dev,2025-07-18T04:10:00Z
d09d001d-6e9d-4597-bc3b-f5991f7aefad,janedoe,2025-07-18T04:11:00Z
459cfafb-854c-4585-9590-fa8a346ee8d5,devkit,2025-07-18T04:12:00Z
ecfe400a-eb11-4ea9-aa8b-491408162925,aijunkie,2025-07-18T04:13:00Z
cbef089c-9e81-4540-a734-95cdbc2d7eb6,gamegod,2025-07-18T04:14:00Z
f5570ab7-9d85-4e61-9f99-d2f2480cf539,flutter_ace,2025-07-18T04:15:00Z
71146e1e-c09b-428d-90d6-1ba3515fa87b,nerdybyte,2025-07-18T04:16:00Z
ce200c9b-29a2-423a-9c96-ad75532406f8,codequeen,2025-07-18T04:17:00Z
b6953cd2-47d9-4cac-9e53-557b6593e87c,builderhub,2025-07-18T04:18:00Z
5d5b9468-462b-417d-8dcb-eb1994d0e6f7,focusme,2025-07-18T04:19:00Z
